ano_publicacao,orgao_parceiro,processo,numero_instrumento,valor_total,objeto_resumo,observacao,fonte_url
2023,INCRA,21290.203064/2023-17,03/2023,176000.00,"Elaboração de peças técnicas do Relatório Técnico de Identificação e Delimitação (RTID) de Territórios Quilombolas",,https://www.gov.br/igualdaderacial/pt-br/acesso-a-informacao/convenios-e-transferencias/tranferencias-voluntarias/2023
2024,FIOCRUZ,21290.202053/2024-09,,176000.00,"Apoio ao III Encontro Nacional da Cultura dos Povos e Comunidades Tradicionais de Matriz Africana (Ègbé – Nós Somos)",,https://www.gov.br/igualdaderacial/pt-br/acesso-a-informacao/convenios-e-transferencias/tranferencias-voluntarias/2024
2025,IFNMG,21290.000541/2025-56,1/2025,234345.37,"Gestão Territorial e Ambiental Quilombola: formação de jovens guardiãs e guardiões no Vale do Jequitinhonha/MG",,https://www.gov.br/igualdaderacial/pt-br/acesso-a-informacao/convenios-e-transferencias/tranferencias-voluntarias/2025-1
2025,UFF,21290.000569/2025-93,2/2025,175000.00,"Apoio à construção de política educacional inclusiva para quilombolas em IES do Rio de Janeiro",,https://www.gov.br/igualdaderacial/pt-br/acesso-a-informacao/convenios-e-transferencias/tranferencias-voluntarias/2025-1
2025,IFG,21290.001747/2025-01,,100000.00,"Estande formativo sobre o Seminário da Juventude Negra no Congresso Nacional da UNE",,https://www.gov.br/igualdaderacial/pt-br/acesso-a-informacao/convenios-e-transferencias/tranferencias-voluntarias/2025-1
2025,Enap,21290.001270/2025-56,,118267.00,"Serviço Evidência Express (EvEx) sobre racismo ambiental",,https://www.gov.br/igualdaderacial/pt-br/acesso-a-informacao/convenios-e-transferencias/tranferencias-voluntarias/2025-1
2025,Enap,21290.001550/2025-64,,191400.00,"Pesquisas sobre o SINAPIR e tradução de documento da CEPAL",,https://www.gov.br/igualdaderacial/pt-br/acesso-a-informacao/convenios-e-transferencias/tranferencias-voluntarias/2025-1
2025,Enap,21290.001555/2025-97,,34854.66,"Cursos síncronos de desenvolvimento profissional sobre igualdade racial",,https://www.gov.br/igualdaderacial/pt-br/acesso-a-informacao/convenios-e-transferencias/tranferencias-voluntarias/2025-1
2025,UNIVASF,21290.002680/2025-14,,200000.00,"Oficinas no 13º Congresso Brasileiro de Agroecologia","Mesmo processo administrativo do TED nº 13/2025 (Transferegov 978641) — confirmar com a CGPO se é TED-pai + tedinho ou duplicidade de publicação",https://www.gov.br/igualdaderacial/pt-br/acesso-a-informacao/convenios-e-transferencias/tranferencias-voluntarias/2025-1
2025,IFPE,21290.001958/2025-36,,234345.37,"Seminário Internacional de Educação Escolar Quilombola e evento SERNEGRA 2025",,https://www.gov.br/igualdaderacial/pt-br/acesso-a-informacao/convenios-e-transferencias/tranferencias-voluntarias/2025-1
2025,ENAP,21290.001930/2025-07,,95137.14,"Assessoria para avaliação de políticas prioritárias do GTMAPIR",,https://www.gov.br/igualdaderacial/pt-br/acesso-a-informacao/convenios-e-transferencias/tranferencias-voluntarias/2025-1
2025,ENAP,21290.001553/2025-06,,75146.14,"Vagas no MBA em Gestão Pública para servidores negros do SINAPIR",,https://www.gov.br/igualdaderacial/pt-br/acesso-a-informacao/convenios-e-transferencias/tranferencias-voluntarias/2025-1
2025,IFBA,21290.002803/2025-17,,175000.00,"Fortalecimento de ações afirmativas, assistência estudantil e educação das relações étnico-raciais na educação federal",,https://www.gov.br/igualdaderacial/pt-br/acesso-a-informacao/convenios-e-transferencias/tranferencias-voluntarias/2025-1
2025,IFBA,21290.003010/2025-15,,125000.00,"Formação em práticas de ensino da cultura afro-brasileira e indígena na educação profissional",,https://www.gov.br/igualdaderacial/pt-br/acesso-a-informacao/convenios-e-transferencias/tranferencias-voluntarias/2025-1
2025,UFPel,21290.003035/2025-19,,70000.00,"Acolhimento na Ubunteca Lélia Gonzalez e Sala de Amamentação Professora Lúcia Maria Vaz Peres",,https://www.gov.br/igualdaderacial/pt-br/acesso-a-informacao/convenios-e-transferencias/tranferencias-voluntarias/2025-1
2025,IFRJ,21290.003537/2025-40,,180000.00,"Corre Sankofa – Corrida pela Igualdade",,https://www.gov.br/igualdaderacial/pt-br/acesso-a-informacao/convenios-e-transferencias/tranferencias-voluntarias/2025-1
2025,UFRJ,21290.003665/2025-93,,150000.00,"Revista Acadêmica do Carnaval – Pau Brasil",,https://www.gov.br/igualdaderacial/pt-br/acesso-a-informacao/convenios-e-transferencias/tranferencias-voluntarias/2025-1
2025,UNIFEI,21290.002210/2025-51,,200000.00,"Ação Fala Quilombo: educação antirracista e tradições afro-brasileiras",,https://www.gov.br/igualdaderacial/pt-br/acesso-a-informacao/convenios-e-transferencias/tranferencias-voluntarias/2025-1
2025,UFC,21290.001564/2025-88,,100000.00,"Seminário sobre políticas públicas para juventudes negras e o Plano Juventude Negra Viva",,https://www.gov.br/igualdaderacial/pt-br/acesso-a-informacao/convenios-e-transferencias/tranferencias-voluntarias/2025-1
2025,ENAP,21290.003521/2025-37,,44832.02,"Eventos institucionais de comemoração dos 15 anos do SINAPIR",,https://www.gov.br/igualdaderacial/pt-br/acesso-a-informacao/convenios-e-transferencias/tranferencias-voluntarias/2025-1
2025,ENAP,21290.003756/2025-29,,222311.62,"Estudo com seis pesquisas complementares sobre promoção da igualdade racial e o SINAPIR",,https://www.gov.br/igualdaderacial/pt-br/acesso-a-informacao/convenios-e-transferencias/tranferencias-voluntarias/2025-1
2026,ENAP,21290.002084/2025-34,,66809.75,"Oferta de 12 turmas do Enap Aqui – Igualdade Racial","Publicado no site como ""Termo de Execução Descentralizada nº1/2026"", mas o texto do item descreve uma Descentralização de Crédito e não cita número Transferegov",https://www.gov.br/igualdaderacial/pt-br/acesso-a-informacao/convenios-e-transferencias/tranferencias-voluntarias/2026-1
2026,UFF,21290.000127/2026-28,,204000.00,"Elaboração de subsídios para o IV Relatório do Brasil à Convenção CERD",,https://www.gov.br/igualdaderacial/pt-br/acesso-a-informacao/convenios-e-transferencias/tranferencias-voluntarias/2026-1
